,Normal,Pathological,Suspect,accuracy,macro avg,weighted avg
precision,0.9164133738601824,0.9245283018867925,0.6071428571428571,0.8660399529964747,0.816028177629944,0.871299478188627
recall,0.9220183486238532,0.6901408450704225,0.6746031746031746,0.8660399529964747,0.7622541227658169,0.8660399529964747
f1-score,0.9192073170731707,0.7903225806451613,0.6390977443609023,0.8660399529964747,0.7828758806930781,0.8669809687204861
support,654.0,71.0,126.0,0.8660399529964747,851.0,851.0
