,Normal,Pathological,Suspect,accuracy,macro avg,weighted avg
precision,0.9431988041853513,0.8857142857142857,0.7857142857142857,0.917743830787309,0.8715424585379742,0.9150854667719553
recall,0.9648318042813455,0.8732394366197183,0.6984126984126984,0.917743830787309,0.8454946464379208,0.917743830787309
f1-score,0.9538926681783825,0.8794326241134752,0.7394957983193278,0.917743830787309,0.8576070302037285,0.9159365357096994
support,654.0,71.0,126.0,0.917743830787309,851.0,851.0
