,Normal,Pathological,Suspect,accuracy,macro avg,weighted avg
precision,0.9433139534883721,0.9090909090909091,0.8865979381443299,0.9341950646298472,0.913000933574537,0.9320612459847656
recall,0.9923547400611621,0.8450704225352113,0.6825396825396826,0.9341950646298472,0.8399882817120187,0.9341950646298472
f1-score,0.9672131147540983,0.8759124087591241,0.7713004484304933,0.9341950646298472,0.8714753239812385,0.9305887362788723
support,654.0,71.0,126.0,0.9341950646298472,851.0,851.0
