,Normal,Pathological,Suspect,accuracy,macro avg,weighted avg
precision,0.9461077844311377,0.8888888888888888,0.7927927927927928,0.9212690951821386,0.8759298220376065,0.9186339530211128
recall,0.9663608562691132,0.9014084507042254,0.6984126984126984,0.9212690951821386,0.8553940017953456,0.9212690951821386
f1-score,0.9561270801815431,0.8951048951048951,0.7426160337552743,0.9212690951821386,0.8646160030139042,0.9194232411801896
support,654.0,71.0,126.0,0.9212690951821386,851.0,851.0
